Title,Price,Rating
"SAMSUNG Galaxy Buds 2 True Wireless Bluetooth Earbuds, Noise Cancelling, Ambient Sound, Lightweight Comfort Fit In Ear, Auto Switch Audio, Long Battery Life, Touch Control US Version, Lavender",$99.99,4.4 out of 5 stars
bmani Wireless Earbuds Bluetooth Headphones 48hrs Play Back Sport Earphones with LED Display Over-Ear Buds with Earhooks Built-in Mic Headset for Workout Mint Green,$29.99,4.4 out of 5 stars
"SAMSUNG Galaxy Buds 2 True Wireless Bluetooth Earbuds, Noise Cancelling, Ambient Sound, Lightweight Comfort Fit In Ear, Auto Switch Audio, Long Battery Life, Touch Control US Version, Graphite",$99.99,4.4 out of 5 stars
SAMSUNG Galaxy Buds Pro 2 [2022] (SM-R510) - (Gray),$106.00,4.5 out of 5 stars
"SAMSUNG Galaxy Buds2 True Wireless Earbuds Noise Cancelling Ambient Sound Bluetooth Lightweight Comfort Fit Touch Control, International Version (Graphite)",$93.96,4.4 out of 5 stars
"A1 Mini Wireless Earbuds Bluetooth 5.3 in Ear Light-Weight Headphones Built-in Microphone, IPX5 Waterproof, Immersive Premium Sound Long Distance Connection Headset with Charging Case, Black",$19.99,4.3 out of 5 stars
"Wireless Earbuds, Bluetooth 5.3 Headphones 40Hrs Playtime with Charging Case, IPX5 Waterproof Stereo in-Ear Earphones with Microphone for iPhone Android Cell Phone Sports Workout, White",$19.54,4.6 out of 5 stars
"SAMSUNG Galaxy Buds Fan Edition(FE) SM-R400, Active Noise-Cancelling, Wireless Bluetooth v5.2 Earbuds, Android 8.0 and Up - (Graphite)",$67.90,4.4 out of 5 stars
"JBL Vibe Buds True Wireless Headphones - Black, Small",$49.95,4.2 out of 5 stars
"Samsung Galaxy Buds FE True Wireless Bluetooth Earbuds, Comfort and Secure in Ear Fit, Wing-Tip Design, Auto Switch Audio, Touch Control, Built-in Voice Assistant, US Version, Graphite",$89.99,4.5 out of 5 stars
Google Pixel Buds A-Series - Wireless Earbuds - Headphones with Bluetooth - Compatible with Android - Dark Olive,$99.00,4.5 out of 5 stars
"Wireless Earbuds Bluetooth Headphones 5.3 Bass Stereo Earphones, 40H Playtime Ear Buds with LED Power Display, Bluetooth Earbud with Noise Cancelling Mic IPX7 Waterproof Earbuds for iOS Android",$21.98,4.6 out of 5 stars
"SAMSUNG Galaxy Buds 2 Pro True Wireless Bluetooth Earbuds, Noise Cancelling, Hi-Fi Sound, 360 Audio, Comfort Fit In Ear, HD Voice, Conversation Mode, IPX7 Water Resistant, US Version, Graphite",$187.00,4.5 out of 5 stars
"A40 Pro Wireless Earbuds, 50Hrs Playtime Bluetooth Earbuds Built in Noise Cancellation Mic with Charging Case, Headphones Stereo Sound, IPX7 Waterproof Ear buds for iPhone and Android",$29.99,4.4 out of 5 stars
"SAMSUNG Galaxy Buds Live True Wireless Earbuds US Version Active Noise Cancelling Wireless Charging Case Included, Mystic Black",$135.00,4.4 out of 5 stars
"Soundcore by Anker P20i True Wireless Earbuds, 10mm Drivers with Big Bass, Bluetooth 5.3, 30H Long Playtime, Water-Resistant, 2 Mics for AI Clear Calls, 22 Preset EQs, Customization via App",$24.99,4.5 out of 5 stars
Wireless Earbuds Bluetooth V5.3 Headphones 50H Playback Deep Bass Stereo Ear Buds with LED Power Display Charging Case IPX7 Waterproof Earphones with Mic Headset for Laptop Pad Android/iOS Phones,$25.99,4.5 out of 5 stars
Bluetooth Headphones Wireless Earbuds 80hrs Playtime Wireless Charging Case Digital Display Sports Ear buds with Earhook Waterproof Over-Ear Earphones for TV Phone Laptop Contrast Color (Pearl Gray),$37.99,4.5 out of 5 stars
"Soundcore by Anker Life A1 True Wireless Earbuds, Powerful Customized Sound, 40H Playtime, Wireless Charging, USB-C Fast Charge, IPX7 Waterproof, Button Control, Bluetooth Earbuds, Commute, Sports",$49.99,4.3 out of 5 stars
"kurdene Bluetooth Wireless Earbuds, S8 Deep Bass Sound 38H Playtime IPX8 Waterproof Earphones Call Clear with Microphone in-Ear Bluetooth Headphones Comfortable for iPhone, Android",$13.59,4.3 out of 5 stars
"OnePlus Buds 3, Metallic Gray, Deep Bass, ANC, Immersive Sound, Up to 44 Hour Playtime with Charging case, Bluetooth 5.3",$99.99,5.0 out of 5 stars
Sleep Earbuds Invisible Bluetooth for Sleeping Smallest Buds Tiny Mini Side Sleepers Wireless Hidden Headphones Small Discreet Earpiece with Charging Case Green,$28.99,3.3 out of 5 stars
